Model,MAE,RMSE,R2 Score
Linear Regression,70.79056267361685,197.19292369578918,0.1210081822969562
Random Forest Regressor,63.083953193226606,198.4326099620733,0.10992158473345537
